{
    "id": "VMwareCarbonBlack",
    "title": "VMware Carbon Black Cloud",
    "publisher": "VMware",
    "descriptionMarkdown": "The [VMware Carbon Black Cloud](https://www.vmware.com/products/carbon-black-cloud.html) connector provides the capability to ingest Carbon Black data into Azure Sentinel. The connector provides visibility into Audit, Notification and Event logs in Azure Sentinel to view dashboards, create custom alerts, and to improve monitoring and investigation capabilities.",
    "graphQueries": [
        {
            "metricName": "Total data received",
            "legend": "CarbonBlackEvents_CL",
            "baseQuery": "CarbonBlackEvents_CL"
        },
        {
            "metricName": "Total data received",
            "legend": "CarbonBlackNotifications_CL",
            "baseQuery": "CarbonBlackNotifications_CL"
        },
        {
            "metricName": "Total data received",
            "legend": "CarbonBlackAuditLogs_CL",
            "baseQuery": "CarbonBlackAuditLogs_CL"
        }
    ],
    "sampleQueries": [
        {
            "description" : "Top 10 Event Generating Endpoints",
            "query": "CarbonBlackEvents_CL\n | summarize count() by deviceDetails_deviceName_s \n| top 10 by count_"
        },
        {
            "description" : "Top 10 User Console Logins",
            "query": "CarbonBlackAuditLogs_CL\n | summarize count() by loginName_s \n| top 10 by count_"
        },
        {
            "description" : "Top 10 Threats",
            "query": "CarbonBlackNotifications_CL\n | summarize count() by threatHunterInfo_reportName_s \n| top 10 by count_"
        }

    ],
    "dataTypes": [
        {
            "name": "CarbonBlackEvents_CL",
            "lastDataReceivedQuery": "CarbonBlackEvents_CL\n            | summarize Time = max(TimeGenerated)\n            | where isnotempty(Time)"
        },
        {
            "name": "CarbonBlackAuditLogs_CL",
            "lastDataReceivedQuery": "CarbonBlackAuditLogs_CL\n            | summarize Time = max(TimeGenerated)\n            | where isnotempty(Time)"
        },
        {
            "name": "CarbonBlackNotifications_CL",
            "lastDataReceivedQuery": "CarbonBlackNotifications_CL\n            | summarize Time = max(TimeGenerated)\n            | where isnotempty(Time)"
        }
    ],
    "connectivityCriterias": [
        {
            "type": "IsConnectedQuery",
            "value": [
                "CarbonBlackEvents_CL\n            | summarize LastLogReceived = max(TimeGenerated)\n            | project IsConnected = LastLogReceived > ago(30d)",
                "CarbonBlackNotifications_CL\n            | summarize LastLogReceived = max(TimeGenerated)\n            | project IsConnected = LastLogReceived > ago(30d)",
                "CarbonBlackAuditLogs_CL\n            | summarize LastLogReceived = max(TimeGenerated)\n            | project IsConnected = LastLogReceived > ago(30d)"
            ]
        }
    ],
    "availability": {
        "status": 1,
        "isPreview": true
    },
    "permissions": {
        "resourceProvider": [
            {
                "provider": "Microsoft.OperationalInsights/workspaces",
                "permissionsDisplayText": "read and write permissions on the workspace are required.",
                "providerDisplayName": "Workspace",
                "scope": "Workspace",
                "requiredPermissions": {
                    "write": true,
                    "read": true,
                    "delete": true
                }
            },
            {
                "provider": "Microsoft.OperationalInsights/workspaces/sharedKeys",
                "permissionsDisplayText": "read permissions to shared keys for the workspace are required. [See the documentation to learn more about workspace keys](https://docs.microsoft.com/azure/azure-monitor/platform/agent-windows#obtain-workspace-id-and-key).",
                "providerDisplayName": "Keys",
                "scope": "Workspace",
                "requiredPermissions": {
                    "action": true
                }
            }
        ],
        "customs": [
            {
                "name": "Microsoft.Web/sites permissions",
                "description": "Read and write permissions to Azure Functions to create a Function App is required. [See the documentation to learn more about Azure Functions](https://docs.microsoft.com/azure/azure-functions/)."
            },
            {
                "name": "VMware Carbon Black API Key(s)",
                "description": "Carbon Black API and/or SIEM Level API Key(s) are required. See the documentation to learn more about the [Carbon Black API](https://developer.carbonblack.com/reference/carbon-black-cloud/cb-defense/latest/rest-api/).\n - A Carbon Black **API** access level API ID and Key is required for [Audit](https://developer.carbonblack.com/reference/carbon-black-cloud/cb-defense/latest/rest-api/#audit-log-events) and [Event](https://developer.carbonblack.com/reference/carbon-black-cloud/platform/latest/data-forwarder-config-api/) logs. \n - A Carbon Black **SIEM** access level  API ID and Key is required for [Notification](https://developer.carbonblack.com/reference/carbon-black-cloud/cb-defense/latest/rest-api/#notifications) alerts."
            },
            {
                "name": "Amazon S3 REST API Credentials/permissions",
                "description": "**AWS Access Key Id**, **AWS Secret Access Key**, **AWS S3 Bucket Name**, **Folder Name in AWS S3 Bucket** are required for Amazon S3 REST API."
            }
        ]
    },
    "instructionSteps": [
        {
            "title": "",
            "description": ">**NOTE:** This connector uses Azure Functions to connect to VMware Carbon Black to pull its logs into Azure Sentinel. This might result in additional data ingestion costs. Check the [Azure Functions pricing page](https://azure.microsoft.com/pricing/details/functions/) for details."
        },
        {
            "title": "",
            "description": ">**(Optional Step)** Securely store workspace and API authorization key(s) or token(s) in Azure Key Vault. Azure Key Vault provides a secure mechanism to store and retrieve key values. [Follow these instructions](https://docs.microsoft.com/azure/app-service/app-service-key-vault-references) to use Azure Key Vault with an Azure Function App."
        },
        {
            "title": "",
            "description": "**STEP 1 - Configuration steps for the VMware Carbon Black API**\n\n [Follow these instructions](https://developer.carbonblack.com/reference/carbon-black-cloud/authentication/#creating-an-api-key) to create an API Key."
        },
        {
            "title": "",
            "description": "**STEP 2 - Choose ONE from the following two deployment options to deploy the connector and the associated Azure Function**\n\n>**IMPORTANT:** Before deploying the VMware Carbon Black connector, have the Workspace ID and Workspace Primary Key (can be copied from the following), as well as the VMware Carbon Black API Authorization Key(s), readily available.",
            "instructions":[
                {
                    "parameters": {
                        "fillWith": [
                            "WorkspaceId"
                        ],
                        "label": "Workspace ID"
                    },
                    "type": "CopyableLabel"
                },
                {
                    "parameters": {
                        "fillWith": [
                            "PrimaryKey"
                        ],
                        "label": "Primary Key"
                    },
                    "type": "CopyableLabel"
                }
            ]
        },
        {
            "title": "Option 1 - Azure Resource Manager (ARM) Template",
            "description": "This method provides an automated deployment of the VMware Carbon Black connector using an ARM Tempate.\n\n1. Click the **Deploy to Azure** button below. \n\n\t[![Deploy To Azure](https://aka.ms/deploytoazurebutton)](https://aka.ms/deploytoazurebutton)](https://aka.ms/sentinelcarbonblackazuredeploy)\n2. Select the preferred **Subscription**, **Resource Group** and **Location**. \n3. Enter the **Workspace ID**, **Workspace Key**, **Log Types**, **API ID(s)**, **API Key(s)**, **Carbon Black Org Key**, **S3 Bucket Name**, **AWS Access Key Id**, **AWS Secret Access Key**, **EventPrefixFolderName**,**AlertPrefixFolderName**,  and validate the **URI**.\n> - Enter the URI that corresponds to your region. The complete list of API URLs can be [found here](https://community.carbonblack.com/t5/Knowledge-Base/PSC-What-URLs-are-used-to-access-the-APIs/ta-p/67346)\n - The default **Time Interval** is set to pull the last five (5) minutes of data. If the time interval needs to be modified, it is recommended to change the Function App Timer Trigger accordingly (in the function.json file, post deployment) to prevent overlapping data ingestion. \n - Carbon Black requires a seperate set of API ID/Keys to ingest Notification alerts. Enter the SIEM API ID/Key values or leave blank, if not required. \n> - Note: If using Azure Key Vault secrets for any of the values above, use the`@Microsoft.KeyVault(SecretUri={Security Identifier})`schema in place of the string values. Refer to [Key Vault references documentation](https://docs.microsoft.com/azure/app-service/app-service-key-vault-references) for further details. \n4. Mark the checkbox labeled **I agree to the terms and conditions stated above**. \n5. Click **Purchase** to deploy."
        },
        {
            "title": "Option 2 - Manual Deployment of Azure Functions",
            "description": "Use the following step-by-step instructions to deploy the VMware Carbon Black connector manually with Azure Functions."
        },
        {
            "title": "",
            "description": "**1. Create a Function App**\n\n1.  From the Azure Portal, navigate to [Function App](https://portal.azure.com/#blade/HubsExtension/BrowseResource/resourceType/Microsoft.Web%2Fsites/kind/functionapp), and select **+ Add**.\n2. In the **Basics** tab, ensure Runtime stack is set to **Powershell Core**. \n3. In the **Hosting** tab, ensure the **Consumption (Serverless)** plan type is selected.\n4. Make other preferrable configuration changes, if needed, then click **Create**."
        },
        {
            "title": "",
            "description": "**2. Import Function App Code**\n\n1. In the newly created Function App, select **Functions** on the left pane and click **+ Add**.\n2. Select **Timer Trigger**.\n3. Enter a unique Function **Name** and modify the cron schedule, if needed. The default value is set to run the Function App every 5 minutes. (Note: the Timer trigger should match the `timeInterval` value below to prevent overlapping data), click **Create**.\n4. Click on **Code + Test** on the left pane. \n5. Copy the [Function App Code](https://aka.ms/sentinelcarbonblackazurefunctioncode) and paste into the Function App `run.ps1` editor.\n5. Click **Save**."
        },
        {
            "title": "",
            "description": "**3. Configure the Function App**\n\n1. In the Function App, select the Function App Name and select **Configuration**.\n2. In the **Application settings** tab, select **+ New application setting**.\n3. Add each of the following thirteen to sixteen (13-16) application settings individually, with their respective string values (case-sensitive): \n\t\tapiId\n\t\tapiKey\n\t\tworkspaceID\n\t\tworkspaceKey\n\t\turi\n\t\ttimeInterval\n\t\tCarbonBlackOrgKey\n\t\tCarbonBlackLogTypes \n\t\ts3BucketName \n\t\tEventPrefixFolderName \n\t\tAlertPrefixFolderName \n\t\tAWSAccessKeyId \n\t\tAWSSecretAccessKey \n\t\tSIEMapiId (Optional)\n\t\tSIEMapiKey (Optional)\n\t\tlogAnalyticsUri (optional) \n> - Enter the URI that corresponds to your region. The complete list of API URLs can be [found here](https://community.carbonblack.com/t5/Knowledge-Base/PSC-What-URLs-are-used-to-access-the-APIs/ta-p/67346). The `uri` value must follow the following schema: `https://<API URL>.conferdeploy.net` - There is no need to add a time suffix to the URI, the Function App will dynamically append the Time Value to the URI in the proper format.\n> - Set the `timeInterval` (in minutes) to the default value of `5` to correspond to the default Timer Trigger of every `5` minutes. If the time interval needs to be modified, it is recommended to change the Function App Timer Trigger accordingly to prevent overlapping data ingestion.\n> - Carbon Black requires a seperate set of API ID/Keys to ingest Notification alerts. Enter the `SIEMapiId` and `SIEMapiKey` values, if needed, or omit, if not required. \n> - Note: If using Azure Key Vault, use the`@Microsoft.KeyVault(SecretUri={Security Identifier})`schema in place of the string values. Refer to [Key Vault references documentation](https://docs.microsoft.com/azure/app-service/app-service-key-vault-references) for further details. \n> - Use logAnalyticsUri to override the log analytics API endpoint for dedicated cloud. For example, for public cloud, leave the value empty; for Azure GovUS cloud environment, specify the value in the following format: `https://<CustomerId>.ods.opinsights.azure.us`\n4. Once all application settings have been entered, click **Save**."
        }
    ]
}